"Timestamp","Team Number","Robot Function","Starting Position","Autonomous Points","Stacked Cubes","Position Cubes In Towers","V5 or Cortex?","Defence or Offense","Stacking or Towers","Average skill scores (driving)","Averageskill score (auto)","Anything else to know????"
"2019/10/22 7:42:50 PM AST","9447A","Tray bot","Top","5","3-4","High","V5","Offense","Stacking","6-10","1-3",""
"2019/10/22 7:43:35 PM AST","25545A","Dr4b clamp","Middle","0 or nothing","3-4","High","V5","Offense","Towers","1-5","1-3",""
"2019/10/22 7:44:02 PM AST","9447B","Tray bot","Bottom","1","1-2","Almost smallest","V5","Offense","Stacking","6-10","1-3",""
"2019/10/22 7:44:59 PM AST","9623N","wall bot","Top","0 or nothing","0, trash","none","V5","Defense","Mix","1-5","1-3",""
"2019/10/22 7:45:23 PM AST","9623P","Tray bot","Top","3","3-4","High","V5","Offense","Mix","6-10","1-3",""